41,70,3
41,25,1
11,27,7
11,82,10
91,38,5
21,79,3
5,53,1
8,91,1
56,70,7
35,65,5
34,92,2
2,6,4
20,65,6
97,30,6
52,1,9
93,64,1
5,55,8
82,52,2
3,51,7
4,90,5
1,90,6
26,23,5
73,36,3
89,55,9
77,6,3
35,75,4
81,67,6
56,36,4
69,31,9
66,32,4
34,28,2
50,55,1
73,82,9
33,12,4
49,92,1
57,86,2
58,85,10
28,95,9
41,7,2
95,57,9
7,21,4
73,8,10
8,65,7
6,58,4
41,73,6
65,14,9
77,46,7
45,69,8
22,87,10
19,33,8
63,82,5
16,27,8
61,67,10
7,47,5
90,49,2
39,18,6
70,86,3
88,19,5
70,53,10
31,85,6
21,66,6
66,13,7
60,89,4
35,7,9
27,64,6
96,90,9
57,72,1
84,19,3
75,82,5
79,38,2
20,22,7
24,66,2
93,20,2
77,99,7
10,6,7
43,82,10
69,37,7
60,76,9
50,46,8
100,28,5
6,21,10
64,92,5
100,47,10
91,40,10
60,93,9
67,64,1
78,29,1
55,18,10
80,60,1
37,18,6
22,16,4
51,76,10
65,80,10
12,94,1
79,15,4
15,36,10
62,74,8
9,97,9
84,32,3
40,10,5
72,20,10
21,29,5
8,83,8
67,50,8
24,28,9
44,6,2
44,73,3
68,87,8
62,28,8
73,77,1
32,97,5
86,53,4
92,48,5
46,25,5
68,12,7
49,66,7
36,37,4
65,55,9
90,50,7
29,49,4
29,45,5
85,13,1
26,72,5
94,44,8
59,52,2
77,88,6
51,24,8
95,78,7
93,62,4
35,48,10
74,48,6
50,59,8
44,37,1
71,4,5
34,57,3
52,96,3
74,72,6
47,55,6
12,25,10
57,32,7
98,36,3
53,65,1
100,94,10
62,35,8
8,56,3
66,28,9
95,98,1
95,61,8
7,4,10
82,6,8
18,65,3
56,23,10
70,94,4
55,61,3
68,64,10
8,54,9
47,36,7
41,83,9
56,77,6
11,34,5
75,29,6
48,88,1
75,38,3
30,82,1
45,34,9
88,23,10
44,67,1
7,25,9
61,95,8
77,80,5
68,23,6
94,73,10
63,81,7
59,35,7
79,50,8
97,37,5
13,100,2
89,4,1
81,100,2
43,48,3
5,89,5
12,11,10
65,43,10
21,61,1
28,66,4
65,79,10
49,37,5
78,4,6
85,9,6
88,67,3
47,43,2
75,13,6
26,1,4
13,35,6
51,94,6
83,80,2
88,75,1
47,11,7
73,25,5
97,17,1
21,70,7
6,44,7
93,35,4
83,60,6
26,64,6
1,98,3
70,59,7
33,98,8
42,94,6
48,76,10
49,50,5
3,43,9
10,55,1
55,59,4
37,96,1
80,92,7
18,23,1
2,21,7
2,75,1
29,91,10
99,54,9
35,17,10
61,27,5
99,31,10
33,20,6
49,17,7
75,52,9
26,2,3
13,83,1
41,33,10
22,11,9
24,18,8
92,32,7
66,59,1
27,62,10
75,73,8
88,36,4
11,1,9
13,31,6
29,59,2
40,15,5
99,62,3
28,51,2
83,2,2
57,100,5
26,57,6
39,67,6
43,40,7
64,96,1
87,41,9
59,69,6
9,60,4
77,86,4
34,92,4
96,71,4
51,50,6
16,5,5
8,85,8
71,10,2
3,79,9
72,35,7
66,12,9
19,4,7
83,7,1
78,17,6
93,94,1
73,32,4
75,78,8
31,77,5
98,26,9
86,29,8
19,83,3
39,8,2
13,32,2
80,14,4
59,68,1
30,42,6
56,29,2
14,5,1
6,16,2
37,13,10
31,3,8
90,33,8
41,71,1
20,2,8
60,48,7
62,73,10
80,42,8
3,89,6
43,37,4
18,57,6
97,27,7
26,17,8
90,24,7
18,43,8
87,72,4
73,52,2
100,94,2
11,62,2
42,30,7
13,100,7
14,98,4
20,37,4
72,47,6
93,71,7
80,34,8
65,42,7
26,36,6
47,34,8
44,60,5
82,85,1
79,63,6
42,75,3
34,65,1
82,58,2
17,10,1
9,83,1
27,86,1
33,61,8
90,3,10
42,36,6
51,73,10
87,33,2
84,59,10
21,50,4
78,10,10
45,25,9
63,51,10
5,25,8
92,52,8
12,60,5
64,47,8
12,59,8
24,75,9
36,56,10
78,60,1
8,93,2
32,38,1
78,19,6
46,10,2
88,18,7
60,65,8
76,78,3
10,84,6
75,89,7
59,76,8
28,17,7
26,73,5
83,39,9
35,20,5
67,1,6
51,85,2
44,94,2
59,79,10
29,8,2
95,69,3
32,81,2
38,49,3
20,96,6
22,25,10
30,50,2
65,58,9
25,93,7
98,58,6
28,39,6
92,26,9
18,48,9
4,60,1
22,60,2
56,86,2
9,4,9
35,90,2
78,36,10
19,96,3
13,79,2
29,25,5
72,79,4
54,98,8
2,85,4
32,89,8
67,36,10
57,15,6
64,60,1
11,84,5
75,45,9
4,55,3
19,1,1
87,52,1
72,81,10
51,5,9
66,33,6
10,61,6
48,67,1
17,37,1
26,43,10
100,39,5
81,40,3
73,99,7
98,97,4
71,24,7
88,6,3
2,88,6
23,56,2
56,81,9
90,29,4
69,48,7
82,25,2
76,51,9
86,23,6
91,24,2
49,24,8
58,42,5
25,11,5
62,24,1
55,89,7
39,9,9
18,88,5
57,8,6
64,27,9
82,52,9
70,27,7
56,65,1
37,93,2
52,7,9
24,94,7
5,12,5
6,62,7
29,57,6
17,25,3
4,80,7
82,68,5
79,75,4
9,35,10
66,78,4
23,64,9
25,37,3
5,4,9
63,62,7
34,62,6
34,31,9
61,77,6
81,95,8
14,51,9
51,70,10
7,85,7
93,17,5
20,90,7
49,8,8
41,60,1
37,80,9
86,91,2
62,25,6
71,72,6
5,91,4
16,89,3
51,3,2
95,21,4
34,15,2
37,70,6
31,14,10
16,25,5
7,57,8
47,70,3
14,98,8
53,41,2
3,97,1
100,53,7
40,1,5
15,17,7
21,12,5
41,80,3
65,87,6
13,49,7
35,14,7
83,65,2
87,56,4
96,93,9
44,38,5
39,95,6
30,15,3
61,13,7
48,74,7
33,21,10
15,8,3
89,23,4
45,43,7
98,81,7
93,28,6
65,97,2
27,99,8
3,47,6
94,28,7
77,52,3
45,21,4
22,57,10
44,53,4
58,84,4
9,83,10
99,46,6
71,68,2
74,42,10
83,74,4
29,83,1
25,91,2
29,21,2
25,80,4
49,35,3
67,63,9
62,64,2
39,60,2
30,64,2
78,58,3
72,54,2
86,87,8
58,52,4
46,8,6
94,37,2
24,28,3
35,84,8
45,27,7
19,40,8
45,59,5
74,77,4
32,94,3
87,86,7
93,11,3
19,25,4
82,13,3
11,65,5
98,44,10
100,15,6
99,74,3
33,50,8
83,4,5
4,71,4
56,27,7
10,75,5
15,96,8
42,11,8
70,13,5
42,33,10
58,35,6
27,48,10
48,6,8
83,51,7
39,50,5
50,3,2
24,42,2
75,64,10
66,64,7
98,94,8
90,4,10
51,71,5
61,24,3
48,91,7
80,26,5
46,82,8
71,13,2
84,65,2
72,63,10
10,12,5
30,22,3
39,45,9
71,67,3
88,56,6
80,84,2
84,48,9
46,61,1
49,23,9
86,62,5
85,2,3
29,37,3
29,92,5
71,86,1
19,14,4
49,64,8
71,35,5
73,100,10
32,85,1
34,53,8
23,98,1
65,37,2
88,54,4
64,53,10
13,31,6
48,71,5
14,2,5
9,79,5
9,92,10
34,36,8
61,54,1
57,42,6
36,6,1
9,32,9
75,22,7
25,34,6
96,79,6
46,9,10
34,35,10
49,10,7
48,46,7
97,91,3
85,13,9
50,62,4
68,76,2
58,23,5
88,5,4
9,24,6
14,34,5
59,21,2
100,2,5
24,8,2
25,92,5
1,39,3
70,29,5
34,77,1
56,44,1
1,70,2
47,89,5
29,58,1
34,15,5
69,22,4
72,11,3
87,98,10
34,90,8
4,7,5
2,29,2
2,97,7
85,14,9
61,78,1
17,93,2
30,6,9
76,44,2
96,12,6
28,78,4
96,74,8
62,98,9
61,57,7
24,20,8
88,14,6
83,45,2
4,66,5
51,24,7
83,29,5
8,11,4
25,60,10
10,72,5
28,3,8
92,39,10
58,46,2
7,94,5
20,28,4
21,79,7
71,91,1
64,7,7
21,30,7
25,61,4
73,27,7
30,59,6
19,81,5
8,61,4
35,89,9
9,56,4
87,25,2
47,95,8
66,81,5
65,100,8
65,20,9
5,73,9
86,85,1
83,20,3
6,58,5
95,2,9
18,56,9
88,27,3
37,67,5
95,36,1
49,56,8
56,48,8
22,19,2
78,23,7
68,80,10
22,89,1
86,40,1
2,82,8
21,45,6
16,49,6
87,57,3
4,91,3
68,65,3
55,23,5
7,17,1
10,89,1
2,25,2
44,71,7
36,37,6
36,12,7
62,10,1
97,35,8
67,51,1
60,70,6
31,10,6
1,4,10
16,88,2
94,96,10
4,9,6
33,59,7
26,37,3
43,79,7
33,6,8
6,77,4
37,54,2
66,47,6
27,69,1
1,71,1
22,94,8
81,28,2
23,5,6
21,86,2
52,4,2
5,74,1
45,46,3
41,7,4
43,7,8
68,5,9
3,66,1
47,74,1
32,67,9
91,64,3
5,88,4
83,26,10
26,7,2
27,98,9
44,3,4
91,18,6
20,80,7
84,60,8
27,40,2
72,60,9
92,2,6
35,71,3
28,26,6
91,19,8
14,99,3
11,36,5
34,93,5
97,57,6
95,90,8
25,78,2
53,97,8
7,39,7
73,88,9
34,79,2
99,81,10
18,14,6
17,32,1
26,78,1
68,53,9
17,51,10
67,75,9
2,62,2
47,44,3
92,57,7
11,13,3
36,97,1
36,32,4
31,79,8
100,4,6
65,59,3
22,27,7
27,7,2
58,8,10
24,62,8
49,10,7
2,44,10
94,15,4
89,98,6
69,77,8
63,59,8
52,86,2
46,23,3
26,36,2
63,21,5
42,60,10
52,90,4
100,98,8
68,86,8
17,7,5
25,69,5
43,91,9
34,65,9
64,34,8
49,60,9
47,18,5
32,49,4
47,67,10
85,27,10
51,7,8
75,70,3
53,36,5
80,99,8
18,72,1
47,54,8
32,70,7
56,93,9
56,55,5
46,2,5
57,96,1
96,53,8
81,2,1
71,73,2
81,22,7
25,42,6
29,25,1
67,50,8
22,10,7
88,94,5
17,99,4
9,6,4
3,63,5
85,3,4
72,20,9
5,1,3
15,42,10
40,64,7
90,59,2
27,11,10
56,90,5
58,48,9
57,28,9
84,7,8
32,65,6
33,48,7
82,84,1
50,57,4
56,91,4
65,56,8
33,2,9
28,3,1
78,81,2
3,25,10
27,3,7
89,26,9
57,28,9
77,55,10
18,12,7
60,18,8
29,90,1
87,18,3
79,7,4
89,6,8
46,42,10
6,12,6
57,5,6
80,60,8
4,3,6
69,84,9
23,69,9
88,17,1
71,56,1
69,13,1
100,4,1
71,11,9
80,41,1
32,18,10
68,34,8
83,5,2
24,71,3
61,65,7
55,57,7
91,35,3
57,72,7
85,12,7
37,14,8
9,63,7
41,23,8
48,19,4
70,19,2
6,36,4
49,79,6
95,96,6
27,19,9
96,83,10
49,13,4
3,64,5
35,38,9
5,67,8
48,81,5
68,84,6
89,56,9
75,79,4
19,35,3
1,24,4
45,94,3
21,29,6
53,92,10
54,74,9
5,55,1
61,12,8
56,23,4
32,73,1
24,21,9
45,10,1
99,3,5
53,40,10
58,38,5
31,45,2
66,47,10
16,53,3
46,39,8
55,80,9
28,17,10
98,57,6
72,30,10
57,42,2
42,44,1
77,57,7
62,81,1
19,27,10
26,87,7
94,58,8
13,23,9
89,24,6
22,37,2
85,80,2
86,96,5
71,40,5
8,15,8
73,68,3
33,29,4
90,15,9
7,9,9
29,33,7
70,60,8
82,78,4
98,39,10
35,71,7
94,17,9
59,81,4
58,54,7
17,48,4
30,56,5
59,53,7
41,96,3
86,21,9
33,18,4
31,84,8
18,88,4
29,34,2
6,76,9
61,88,1
80,72,2
67,76,7
100,5,4
16,57,7
74,100,4
45,47,4
79,53,2
63,77,5
66,15,5
8,64,6
61,69,3
57,32,10
32,11,9
99,49,9
4,92,8
97,66,10
11,96,7
97,51,5
64,68,4
61,40,5
46,30,4
53,77,3
93,77,9
56,82,5
17,88,8
63,82,6
86,73,4
39,58,7
83,48,1
12,7,10
38,1,2
14,22,6
5,9,5
54,92,9
10,100,7
68,37,7
54,25,8
59,28,2
77,1,3
13,46,4
52,1,7
12,22,5
92,3,6
6,1,2
10,15,3
50,66,4
74,47,7
84,13,1
90,92,8
96,79,3
93,18,6
39,98,10
46,58,5
4,93,7
83,50,8
41,61,3
97,12,9
17,71,9
52,9,10
48,84,4
6,66,3
58,49,1
49,5,5
64,86,1
1,31,8
48,20,6
67,93,10
60,73,4
74,30,2
11,35,10
86,34,1
84,63,1
67,37,3
41,89,3
10,84,6
34,70,9
43,16,8
92,96,9
61,55,1
62,11,6
11,29,4
42,12,2
20,15,3
27,22,7
74,66,9
44,33,10
77,75,9
55,87,3
74,97,5
66,93,8
4,46,2
3,46,7
36,31,10
7,63,2
52,6,2
60,78,9
43,11,4
40,3,2
71,50,1
64,35,8
81,53,4
9,7,5
98,82,3
41,100,7
9,96,7
96,22,6
40,76,9
31,44,3
3,42,6
63,45,1
79,94,1
21,34,4
100,24,3
59,24,10
9,82,1
43,60,1
61,90,4
46,44,3
78,93,9
89,9,3
36,65,1
27,13,3
25,39,7
93,57,2
76,18,1
36,24,9
48,39,6
65,38,5
43,21,10
40,3,10
29,84,2
71,17,3
43,60,4
26,69,6
24,68,10
59,21,3
77,39,6
68,93,5
51,75,6
77,95,10
64,24,10
80,62,2
3,62,7
48,51,8
13,29,4
87,49,10
100,17,5
41,45,8
45,90,5
22,57,6
64,69,2
67,71,7
11,29,1
24,49,10
4,51,8
11,44,4
13,40,3
35,56,8
83,57,6
77,27,3
92,4,5
6,2,4
34,30,4
83,68,9
21,74,8
52,38,8
20,54,5
49,20,2
63,99,9
13,6,2
20,37,9
33,39,7
16,8,4
26,66,8
43,65,1
98,7,6
96,89,1
4,9,2
74,97,3
73,63,3
84,33,10
24,89,1
41,55,4
38,16,2
100,43,10
89,12,9
50,80,6
56,65,5
36,49,5
44,43,1
58,93,9
80,34,8
28,85,4
13,67,3
87,84,10
77,29,2
50,68,5
70,94,6
97,40,7
59,21,1
99,90,3
98,50,8
26,13,6
19,35,2
68,51,1
54,81,7
86,3,7
50,55,1
84,10,6
10,23,5
21,23,1
26,78,10
57,2,8
41,9,3
63,88,4
51,96,6
17,52,6
57,71,1
63,77,5
64,52,8
82,81,7
69,20,9
38,86,1
32,85,1
78,56,2
3,82,8
69,31,1
13,27,10
35,98,8
96,70,6
17,4,8
7,75,9
51,76,5
12,46,2
50,63,6
64,52,5
43,91,5
22,83,7
70,90,9
80,14,1
43,82,9
3,61,7
28,77,7
88,100,10
32,42,2
76,55,9
57,11,5
50,37,9
30,18,2
71,84,2
39,100,3
82,94,2
2,71,5
59,68,5
47,31,6
72,90,8
87,77,6
11,6,10
52,78,4
18,58,6
71,63,6
21,4,2
62,52,2
74,28,2
79,76,9
69,83,6
7,95,7
77,44,7
72,95,5
86,76,6
59,64,4
6,13,7
99,16,5
80,25,1
21,83,9
91,49,2
37,93,2
91,92,3
52,22,9
14,76,8
68,32,8
1,55,1
28,16,9
93,84,9
68,13,5
16,69,10
68,11,5
13,2,2
56,74,8
55,51,9
52,27,7
40,32,1
31,25,2
51,80,6
32,12,4
91,32,2
90,11,8
59,80,6
51,30,8
55,48,9
6,96,10
23,27,3
39,40,8
22,57,10
96,82,3
6,86,3
54,58,2
39,9,9
37,84,3
66,4,8
50,82,8
80,81,8
26,67,10
81,11,9
63,53,9
83,6,5
56,81,6
59,40,10
84,44,1
17,75,8
50,56,3
94,87,10
43,8,5
20,98,6
4,15,8
99,92,7
28,44,3
76,80,3
62,85,8
19,8,8
63,56,4
11,21,1
64,74,9
37,34,6
48,69,4
69,59,5
18,90,4
55,94,6
65,87,4
96,24,8
4,56,7
28,92,10
53,76,10
34,44,5
28,5,6
49,3,4
8,99,5
78,6,7
23,73,5
73,3,8
13,91,9
66,28,9
2,1,6
28,47,10
40,37,7
58,57,2
97,15,4
93,20,7
50,54,4
29,32,2
1,83,9
5,49,7
64,69,4
10,55,10
75,15,3
55,80,3
76,18,2
85,60,6
66,59,3
22,84,1
33,75,10
42,18,3
26,51,9
71,38,6
73,81,10
22,64,7
71,38,2
79,24,1
68,27,9
53,77,9
95,37,5
58,98,10
11,1,9
67,2,6
97,90,1
15,26,10
88,45,10
24,40,1
59,10,8
94,86,10
22,97,9
15,58,6
62,1,8
18,59,2
72,57,4
98,70,4
16,47,9
15,72,1
72,75,6
10,46,4
90,99,8
54,42,9
82,23,6
48,80,9
84,2,3
45,58,8
51,27,5
41,38,3
93,33,10
15,32,9
5,65,1
24,58,8
51,59,3
48,61,8
12,65,5
66,86,6
60,61,2
27,61,8
66,69,8
12,33,4
46,40,3
11,12,9
19,34,6
21,25,7
37,1,5
78,1,8
55,48,5
17,22,2
26,25,5
67,40,4
5,33,5
59,30,8
100,62,8
68,86,2
15,42,4
3,84,6
77,27,6
93,83,3
87,56,7
45,39,4
21,8,10
87,8,10
25,3,4
1,83,3
65,59,3
90,45,5
4,29,8
87,7,4
11,87,2
46,87,1
41,89,5
77,67,10
26,41,3
29,80,3
19,61,1
86,77,5
77,67,4
74,93,7
9,21,4
68,98,5
25,61,4
98,74,5
77,81,3
59,49,10
40,64,4
49,88,8
45,61,8
94,14,3
18,31,9
48,78,4
5,53,7
85,63,1
80,44,3
1,77,9
10,27,4
42,48,9
34,87,1
97,26,8
80,13,6
19,7,10
74,57,8
5,21,2
88,12,10
44,29,2
19,9,6
21,50,9
46,58,2
16,39,2
83,54,6
45,21,9
26,53,5
80,39,5
22,50,3
60,62,1
30,37,5
68,54,1
74,72,10
82,12,2
85,34,7
33,32,2
83,86,1
88,95,6
15,44,9
28,7,6
48,77,7
48,86,10
77,67,9
91,54,8
56,62,7
44,21,2
59,74,5
67,3,3
97,11,8
90,59,1
96,89,5
96,50,7
23,100,6
81,99,9
37,6,7
44,20,3
61,45,8
75,65,9
84,21,1
73,74,10
71,58,4
85,96,2
54,14,9
16,17,5
48,45,10
45,57,3
69,82,9
93,15,10
38,12,7
59,54,4
15,64,7
66,98,2
72,36,3
67,70,5
46,49,4
74,4,7
65,71,10
37,31,2
61,37,7
9,80,9
65,100,3
27,7,4
21,76,4
50,23,3
85,91,6
56,100,5
93,15,10
76,50,4
68,7,1
74,87,10
79,61,6
91,88,5
94,32,8
71,31,7
17,28,4
67,14,3
89,15,1
38,24,2
68,75,4
84,30,3
7,61,9
50,29,6
16,73,2
67,9,5
49,28,1
24,10,7
65,60,8
48,27,3
23,87,1
29,59,9
22,77,7
73,82,3
26,40,4
85,8,4
44,48,3
83,85,3
86,48,8
26,95,7
34,99,2
34,1,9
58,66,5
55,41,8
83,11,3
63,4,6
58,67,6
18,62,4
44,90,6
92,38,10
83,46,7
75,51,9
6,73,8
23,33,8
48,98,9
37,66,10
32,92,10
30,33,2
32,34,3
58,40,10
77,11,10
22,57,8
27,74,1
80,29,8
95,17,5
97,58,7
36,33,6
99,56,9
56,19,5
4,2,3
70,80,8
6,72,7
44,36,4
70,80,4
39,57,8
40,80,7
4,82,10
12,51,8
82,67,10
16,48,5
3,39,8
59,42,1
12,90,8
7,85,7
70,3,3
37,24,5
14,25,9
25,16,8
27,71,7
24,48,9
98,55,7
87,95,3
95,33,9
64,84,2
51,8,4
56,60,2
86,75,10
67,22,10
43,9,6
39,90,2
2,34,5
41,24,5
11,65,2
25,7,2
54,8,1
35,48,7
16,67,6
87,67,9
23,71,3
11,100,1
23,48,8
77,11,2
73,91,7
49,16,1
62,50,3
39,15,4
6,50,1
87,53,3
33,70,7
80,37,10
50,53,3
57,37,6
25,26,9
10,7,10
41,58,7
14,100,5
8,86,10
94,44,9
25,75,3
27,96,8
100,75,7
81,49,10
36,22,1
84,11,3
55,12,1
19,14,7
96,93,9
25,69,3
60,66,3
5,49,5
68,35,4
51,50,1
58,9,4
1,32,1
48,19,4
79,44,7
22,65,7
30,93,8
5,92,1
26,13,10
77,43,1
95,4,10
100,67,7
72,7,8
64,15,6
99,83,5
45,16,7
47,7,7
35,93,10
87,58,6
98,87,7
75,26,9
34,94,1
43,40,5
97,91,6
5,97,9
3,93,1
16,22,6
46,43,6
30,33,9
5,80,6
82,7,4
35,15,1
34,85,2
32,43,7
90,71,7
64,8,10
32,52,8
76,59,9
43,76,4
44,24,4
32,92,4
58,86,1
64,17,9
94,13,7
35,58,3
58,96,5
1,15,9
100,78,8
82,67,5
38,52,7
38,27,5
9,31,10
19,70,6
95,25,4
18,97,2
79,6,10
93,82,9
82,43,9
80,83,4
37,29,7
36,41,2
75,34,2
44,80,10
24,30,7
84,77,2
98,47,5
76,16,9
68,95,8
36,99,3
52,50,7
11,31,6
34,51,10
49,58,1
2,56,10
31,30,7
97,66,3
47,92,8
36,92,9
70,92,8
41,86,4
76,57,7
87,23,7
77,86,4
33,9,4
16,92,7
77,54,3
5,68,9
60,92,2
35,9,8
74,56,9
36,12,9
83,97,2
88,81,10
100,8,5
70,8,7
8,52,5
59,71,3
64,53,9
67,87,1
64,46,9
17,62,1
11,86,3
75,32,9
90,1,8
94,48,4
82,33,9
20,32,3
2,16,3
99,30,2
46,87,1
96,57,7
42,95,8
81,29,6
91,84,3
29,75,6
64,72,10
6,48,3
43,90,8
81,18,1
85,94,4
82,13,6
43,13,10
13,85,9
79,93,4
48,44,7
74,29,8
24,94,8
25,100,2
89,67,1
95,62,3
12,61,6
58,53,3
76,54,8
10,94,8
67,66,9
33,59,7
99,86,6
44,1,9
26,65,6
57,30,10
55,61,7
26,41,9
31,33,9
84,41,3
2,73,1
1,56,2
47,61,5
31,16,9
98,79,3
16,15,8
36,46,10
55,26,4
73,61,1
65,53,10
18,48,9
51,89,10
96,73,4
92,5,2
31,58,4
43,91,8
75,70,3
9,29,8
35,15,3
75,87,1
63,39,5
68,83,10
24,2,2
83,33,2
53,22,6
40,57,1
84,21,2
64,1,5
39,56,1
17,34,8
59,90,10
91,98,8
42,28,7
91,16,2
25,31,7
68,18,5
49,52,4
38,29,4
3,93,4
94,13,7
98,54,6
58,17,2
26,76,7
69,63,5
86,13,5
1,78,9
9,88,2
72,33,8
92,82,1
34,28,5
100,15,8
87,71,4
19,34,3
85,77,3
50,81,8
65,62,1
28,76,4
49,87,3
2,65,3
35,49,2
51,5,6
67,88,5
3,63,10
13,6,10
83,97,6
37,54,1
5,83,1
99,78,9
32,64,1
82,49,3
67,98,2
21,58,7
70,51,8
3,19,6
6,66,7
90,15,7
48,78,1
91,79,7
12,67,7
82,75,10
30,77,2
66,19,9
55,77,7
56,55,4
85,20,1
24,10,9
85,70,10
58,75,5
56,72,2
26,79,10
68,45,4
95,91,2
22,47,5
12,22,2
83,15,10
72,54,7
23,64,8
45,75,3
35,54,5
8,88,4
54,70,3
77,26,8
47,95,1
49,25,4
91,40,6
51,79,1
23,25,4
21,84,9
13,23,1
48,20,7
93,50,2
69,57,4
1,99,6
36,4,10
76,16,4
19,20,4
49,57,4
70,52,1
30,77,9
84,31,9
22,79,6
14,37,8
72,55,1
57,82,2
6,33,4
96,9,4
36,32,1
91,18,6
5,39,5
30,24,1
87,65,4
9,25,3
56,79,8
37,44,6
57,54,9
60,42,2
62,31,7
75,85,9
83,7,8
67,52,1
9,91,10
21,82,8
58,16,3
59,44,6
37,13,5
74,29,8
47,91,4
79,11,3
11,14,9
17,28,6
41,59,1
67,8,2
45,10,3
2,55,2
90,76,9
67,57,2
20,17,1
98,100,7
13,50,8
52,13,2
73,19,3
68,57,5
2,74,6
97,53,8
78,9,4
29,100,1
52,85,9
58,63,5
76,59,7
73,38,3
66,4,1
98,72,2
72,93,2
100,95,7
13,83,1
69,51,4
65,81,5
26,97,6
90,20,1
96,49,2
100,75,3
99,87,4
76,9,10
3,19,1
47,1,10
45,87,1
91,71,5
83,33,9
76,1,1
31,19,6
24,55,2
46,44,6
29,12,9
13,25,2
29,50,8
29,81,3
17,89,9
95,60,5
43,93,7
98,55,5
13,65,4
68,84,3
47,10,4
82,98,3
65,10,6
100,86,4
91,25,8
35,23,6
54,70,7
41,38,4
50,28,6
18,28,10
23,97,2
20,65,4
19,12,8
82,78,8
32,11,9
82,94,8
49,11,7
48,21,9
90,33,5
70,95,10
62,76,7
44,45,6
83,17,5
97,43,7
2,95,1
59,90,4
96,94,3
61,92,5
28,65,8
46,83,6
13,24,10
30,75,8
46,71,10
31,72,7
17,55,9
31,55,7
21,44,1
41,94,6
88,98,1
38,97,4
70,12,3
66,29,1
60,2,4
95,93,9
27,9,7
59,31,8
20,12,10
50,47,6
20,43,8
34,67,4
12,7,7
63,18,7
17,30,3
63,67,4
51,49,1
4,90,2
6,24,1
92,75,9
71,83,5
81,61,2
71,46,10
32,61,7
68,7,7
66,59,3
42,83,5
91,76,4
34,8,5
55,17,9
60,80,1
96,28,6
95,64,8
96,37,1
55,13,2
52,66,8
92,65,6
56,72,10
76,64,5
44,32,1
41,45,9
90,34,3
23,69,3
2,12,1
7,50,2
85,40,3
5,21,3
26,19,1
9,26,3
31,76,10
74,40,4
15,57,1
66,87,3
88,96,4
69,2,6
86,76,5
70,26,5
47,30,6
96,55,2
45,17,3
5,82,10
75,97,7
12,46,9
71,33,10
55,15,6
64,71,1
63,73,6
72,89,10
18,5,6
59,88,9
40,13,2
16,71,2
13,5,7
6,37,1
81,2,2
13,51,7
97,8,7
9,19,5
100,85,8
23,42,1
19,65,4
17,72,3
45,92,5
42,30,8
96,86,2
36,100,3
97,15,6
1,11,6
28,25,1
41,66,2
92,7,7
16,81,4
55,85,5
66,59,9
74,52,3
55,30,1
92,31,8
22,69,9
40,47,7
44,3,5
68,93,9
1,93,10
63,91,7
26,81,6
92,80,3
95,42,7
65,83,2
38,32,2
23,67,7
35,94,3
96,85,5
40,50,9
45,79,3
67,43,1
80,93,9
13,21,3
74,24,7
34,63,9
21,7,5
53,96,3
88,36,9
87,6,3
15,68,5
50,79,3
45,86,5
19,95,1
66,52,1
90,16,2
56,54,9
53,36,6
4,64,7
28,3,9
76,26,1
58,43,2
46,64,4
51,35,4
9,37,5
32,26,9
94,9,4
83,62,10
62,18,5
46,39,4
38,7,4
62,14,8
91,100,7
57,26,7
78,6,9
38,18,8
88,36,6
59,90,3
76,25,6
75,77,8
85,93,7
24,84,4
63,55,4
16,71,2
96,63,1
4,59,9
66,18,10
58,31,8
46,84,4
28,1,10
19,100,6
31,98,5
40,86,6
33,24,5
33,4,1
6,54,5
91,64,3
89,46,4
63,92,1
32,20,1
39,80,9
16,28,4
23,80,10
75,70,6
99,1,4
69,49,2
96,44,2
4,41,6
62,8,10
77,83,8
52,1,7
41,45,4
80,2,1
55,77,7
80,16,1
21,69,3
72,86,4
71,50,2
62,16,3
89,20,7
49,47,1
37,10,6
7,99,4
13,61,6
32,45,8
60,1,8
61,83,6
12,71,6
38,91,10
82,65,6
34,29,9
61,100,9
92,37,2
21,94,9
17,58,7
24,20,6
19,21,9
31,62,7
28,64,7
61,53,5
99,15,10
29,35,9
25,14,7
96,9,2
34,30,1
44,6,9
43,4,7
1,66,1
99,65,2
10,43,4
21,13,3
96,84,9
28,44,5
39,2,4
85,11,1
69,75,3
23,24,3
62,59,10
54,44,5
86,6,10
91,92,6
21,2,9
96,21,3
76,78,9
29,28,10
19,98,10
98,15,1
24,36,1
97,33,3
90,48,4
32,61,6
54,23,2
1,85,3
86,44,7
51,95,3
94,57,8
26,84,3
32,76,9
5,69,8
54,30,6
36,45,4
27,2,8
97,94,9
20,27,1
43,80,3
51,77,2
46,88,4
63,5,1
23,27,1
43,61,2
27,56,4
71,86,2
14,66,2
9,82,10
32,48,10
8,67,1
37,26,2
37,22,1
71,30,7
96,5,4
1,78,2
57,59,10
55,21,10
15,2,6
16,73,5
49,20,5
24,90,2
40,82,4
47,84,5
83,28,7
32,66,4
98,39,6
73,7,4
16,97,2
41,70,5
61,43,7
57,59,1
84,40,4
100,48,8
3,4,4
31,29,10
97,38,9
95,45,1
48,11,8
53,30,2
17,67,2
36,32,4
45,78,1
1,23,8
33,94,10
71,31,6
16,80,10
52,10,3
45,56,2
30,50,3
73,69,1
21,15,7
45,19,1
46,72,8
22,81,4
83,54,3
34,5,2
67,32,7
63,79,10
72,41,8
55,99,5
91,98,4
78,6,4
11,10,3
71,17,9
43,23,8
47,68,10
1,21,3
82,10,3
12,19,7
28,31,5
97,54,9
67,81,1
56,23,5
100,31,4
95,82,8
66,71,9
28,99,1
65,74,10
31,43,10
62,73,6
45,66,3
21,100,8
50,3,10
40,59,8
9,69,2
52,70,9
77,80,4
99,38,6
85,53,2
56,59,4
100,60,2
10,67,1
1,49,10
56,21,9
41,91,7
1,9,1
70,89,4
57,91,5
48,55,10
68,67,9
43,69,3
86,6,3
9,8,9
62,74,2
75,57,10
74,50,5
93,25,6
15,25,5
77,38,4
79,98,1
42,2,3
51,58,5
18,79,7
49,48,8
77,12,4
27,44,6
82,96,3
34,46,1
98,14,1
74,98,7
15,34,7
29,86,2
67,78,5
43,4,9
43,78,4
54,79,7
85,84,2
65,58,4
17,83,9
100,27,5
47,9,7
53,99,2
30,75,3
40,90,1
5,78,4
69,76,8
3,50,6
63,14,5
92,53,10
19,85,6
31,48,1
63,88,4
25,87,5
38,14,6
98,52,6
71,49,9
76,52,7
50,25,4
62,74,3
76,3,4
27,61,2
87,59,9
34,64,5
63,27,1
72,17,5
30,54,10
10,58,2
32,65,1
95,3,4
48,81,5
8,56,2
95,19,4
65,37,10
13,11,9
45,36,9
40,15,2
18,97,4
80,82,1
20,39,2
95,80,3
61,63,6
16,45,6
85,2,5
13,37,6
89,57,1
14,44,9
4,69,2
94,92,5
17,31,9
16,39,6
57,19,2
54,60,6
14,26,5
50,37,2
18,1,7
1,4,3
67,58,8
21,11,6
32,46,1
73,41,3
14,45,6
23,64,5
93,17,3
14,21,2
58,39,5
36,27,10
44,62,2
20,41,2
1,74,4
95,25,2
56,67,6
77,11,8
33,90,10
43,45,2
97,96,1
89,87,2
87,94,5
66,30,3
43,39,2
29,67,6
26,28,9
67,30,2
87,70,5
67,95,6
95,53,5
86,55,3
45,91,1
76,89,10
2,6,2
49,58,8
32,57,2
20,80,10
98,84,4
48,67,10
83,16,4
48,4,2
61,86,5
13,39,1
30,71,2
36,12,1
6,20,9
69,46,2
33,39,8
5,54,2
56,62,3
81,78,1
16,75,7
92,68,1
17,47,3
15,31,2
77,83,5
20,4,4
58,49,7
65,33,8
94,25,4
57,43,5
77,52,5
37,89,1
69,45,5
64,52,1
78,10,8
44,40,1
22,33,6
5,51,5
84,89,7
24,47,10
13,44,10
51,96,10
46,42,5
58,6,8
11,2,4
30,14,10
29,2,4
87,76,10
93,77,1
9,97,5
60,25,2
90,32,7
24,8,3
15,12,2
34,53,9
78,75,7
27,44,2
10,83,2
30,24,10
23,44,9
15,66,8
84,69,9
24,71,3
68,77,6
1,15,3
54,20,7
51,64,1
24,57,7
95,91,5
66,71,9
56,47,1
46,99,7
62,5,9
49,36,3
70,40,1
18,44,8
98,32,8
40,39,8
86,63,2
10,83,7
50,17,8
55,40,4
59,9,3
43,38,10
63,67,4
29,22,8
96,45,6
99,47,2
99,51,5
75,53,1
57,56,7
36,82,2
98,8,7
81,29,6
65,9,6
68,30,8
38,46,9
86,21,3
27,70,1
75,69,1
28,83,1
87,71,2
15,48,5
85,95,10
3,100,3
28,38,10
96,53,2
36,16,1
44,68,6
13,8,5
85,53,2
89,78,10
87,75,7
95,39,5
45,59,6
9,91,9
81,42,2
18,63,5
29,72,3
93,1,1
37,84,4
76,95,4
37,28,6
17,16,2
31,23,7
7,85,1
85,99,6
42,83,4
12,4,9
93,94,3
62,27,6
81,69,10
46,80,1
27,46,4
50,97,1
37,66,2
15,38,6
11,79,2
5,63,2
90,15,2
57,22,6
97,39,5
21,17,10
49,59,3
49,52,8
100,65,6
27,88,8
26,28,3
75,81,2
12,47,7
18,95,3
24,12,10
63,74,7
86,85,3
43,5,5
50,34,5
85,98,8
28,29,8
36,38,10
90,83,9
85,99,2
4,10,5
85,18,1
69,29,9
22,64,1
84,95,3
97,27,3
11,49,8
6,55,3
33,40,7
16,91,3
6,89,7
41,60,8
45,100,2
19,18,3
57,10,10
78,13,5
1,80,4
48,23,7
80,21,10
85,58,5
8,41,4
25,41,6
40,97,2
91,2,4
43,40,1
68,9,9
27,22,9
13,95,4
26,64,4
70,44,8
26,66,4
1,20,7
43,98,9
64,45,6
17,10,8
10,83,9
1,8,10
42,53,5
12,14,3
61,94,2
21,9,6
13,44,1
94,67,8
62,77,10
4,19,1
57,48,5
45,27,8
35,40,3
67,65,8
46,28,9
99,32,8
30,1,5
32,40,7
98,93,2
27,9,9
35,39,5
1,65,4
27,36,3
34,49,4
48,9,6
73,5,1
29,18,6
83,82,9
6,50,1
62,44,1
61,69,4
21,29,4
28,86,6
55,79,8
64,4,10
83,3,10
45,25,1
100,47,5
73,94,6
51,21,5
75,36,7
77,1,10
10,15,9
18,96,7
63,11,7
24,59,5
68,51,1
80,76,4
60,63,7
33,85,7
29,83,3
47,25,1
62,70,3
15,12,10
91,84,8
93,21,2
27,77,10
27,12,6
20,25,10
8,32,9
64,78,3
38,89,2
5,78,8
70,75,5
40,25,1
100,78,6
24,19,7
39,56,6
22,19,5
1,58,4
81,67,10
80,82,6
75,43,5
15,89,1
1,64,9
27,90,1
63,15,7
64,25,10
61,38,4
49,37,2
61,51,7
74,52,10
92,36,6
87,50,3
10,63,7
58,19,9
6,31,6
11,61,4
34,54,1
56,100,6
89,87,1
65,96,4
39,89,2
70,30,3
78,88,8
64,13,10
86,38,7
100,78,8
40,33,9
67,13,6
91,75,10
35,13,4
71,31,1
44,94,1
43,22,1
44,59,10
15,29,8
37,92,5
92,87,4
14,95,5
30,62,9
40,10,3
16,74,4
78,96,5
99,43,8
75,96,3
21,66,2
18,35,10
65,88,10
50,97,2
32,10,4
80,34,4
2,30,5
63,41,6
31,34,7
69,47,6
40,38,3
62,59,7
47,87,5
17,16,2
37,64,3
23,60,7
74,6,6
42,56,9
40,72,5
12,55,10
34,54,4
74,72,7
92,12,7
52,35,1
69,30,2
65,47,10
12,97,1
1,22,3
61,15,7
46,77,2
14,69,9
74,17,9
46,37,7
87,18,7
46,39,7
54,48,1
95,38,8
18,24,6
85,60,4
7,62,5
19,71,10
85,52,5
25,90,5
65,34,2
70,20,8
93,77,1
9,73,8
43,65,4
26,68,10
61,48,2
45,21,5
72,22,4
99,7,10
63,2,2
74,66,5
62,31,5
32,3,5
60,78,9
32,42,7
31,2,8
9,2,9
4,52,9
58,33,5
14,12,8
36,83,2
56,47,9
34,2,2
37,28,4
55,19,2
1,60,9
11,47,9
85,78,4
30,85,7
94,61,10
20,22,4
77,78,1
95,68,7
34,81,9
23,56,8
8,69,3
30,18,5
36,84,8
50,76,9
3,4,4
31,17,9
23,38,5
74,44,5
61,8,8
28,5,9
69,45,10
92,44,3
13,9,6
31,54,1
4,5,5
86,73,6
48,25,3
41,8,7
31,41,2
21,10,8
30,23,6
32,70,4
84,43,2
23,53,6
15,49,9
61,44,8
34,9,8
3,35,2
30,22,5
70,52,6
35,38,5
76,40,10
10,33,4
59,17,9
85,48,5
100,6,3
65,97,10
58,32,6
63,34,9
10,22,7
88,38,5
29,77,6
48,20,6
45,67,8
98,20,10
59,87,5
73,41,9
64,5,7
66,79,8
73,6,10
15,22,3
36,56,2
67,40,6
82,90,8
57,43,4
27,86,2
27,45,1
25,98,6
6,79,6
32,94,2
92,19,6
79,41,10
31,19,9
60,57,10
82,29,10
63,65,5
20,1,9
52,42,3
73,39,3
66,54,2
7,1,5
35,83,1
95,49,1
18,46,4
92,6,4
27,95,8
59,56,7
66,9,5
32,87,4
56,36,8
21,72,3
83,100,2
9,45,8
68,77,10
95,79,6
51,63,4
17,55,10
85,86,7
2,8,1
59,3,10
19,79,1
91,13,5
59,61,4
63,99,7
71,36,7
95,79,5
36,75,1
30,59,10
94,84,5
84,11,1
95,27,3
21,36,2
39,95,5
77,24,8
45,19,7
33,63,6
1,76,8
10,55,7
89,17,2
5,59,5
79,7,10
79,35,9
58,16,5
78,57,6
91,21,9
29,92,7
51,28,9
31,85,4
82,71,9
95,21,3
63,36,10
23,90,1
56,44,2
10,86,2
75,29,6
89,78,2
12,95,7
11,10,10
74,69,6
82,88,5
27,11,9
19,76,5
13,35,5
23,91,7
25,12,6
61,36,10
77,82,6
71,61,4
1,65,10
52,22,7
52,66,7
47,79,7
100,54,1
78,65,4
90,92,7
70,61,9
8,6,5
76,20,8
75,99,2
83,20,5
84,43,7
79,75,6
63,51,8
3,4,4
84,63,10
62,12,4
10,48,1
43,49,6
82,71,7
79,89,6
60,15,1
85,34,8
86,66,4
92,53,3
100,53,3
65,50,3
2,16,10
45,79,2
49,67,5
51,43,6
29,16,3
47,54,6
5,38,4
50,42,10
99,75,1
86,82,2
97,4,4
90,75,9
3,56,3
75,8,10
72,17,10
36,3,3
14,73,4
56,79,7
22,36,7
32,44,10
85,26,9
23,50,3
34,98,5
5,85,7
26,13,10
75,97,10
55,96,7
19,28,7
32,41,8
60,70,8
22,14,6
70,1,3
98,26,9
39,92,4
58,90,1
38,57,1
66,91,1
63,46,2
30,40,6
33,2,8
78,86,6
42,33,3
12,77,10
75,34,9
73,100,5
58,39,6
20,5,9
55,86,8
70,58,10
70,80,2
52,4,4
98,50,6
51,70,1
83,8,5
100,53,2
50,96,8
86,42,7
6,39,4
64,67,4
45,5,6
59,97,5
30,71,7
39,24,5
51,70,7
25,40,7
18,28,5
95,70,2
12,56,2
36,34,1
78,79,4
51,8,1
24,93,1
85,57,6
87,5,9
18,15,7
93,84,3
41,53,3
86,32,3
79,24,8
63,21,1
46,85,7
76,13,1
79,11,1
3,24,3
83,29,5
29,35,7
3,17,1
19,20,8
89,32,10
87,58,2
67,100,1
42,63,6
76,36,8
55,72,5
56,71,7
73,95,3
34,59,3
74,30,8
18,77,6
89,62,7
59,58,2
42,86,4
46,67,2
7,23,8
23,97,6
34,71,7
15,20,5
2,80,10
67,31,9
80,9,9
67,31,5
24,5,8
61,10,6
11,56,2
7,48,7
49,18,3
19,75,9
79,81,9
59,85,3
43,90,5
25,60,5
71,99,5
27,61,7
79,11,10
27,1,7
78,90,3
69,66,7
9,67,5
52,59,9
13,80,9
93,17,5
85,61,2
50,53,4
78,90,2
98,79,6
65,91,7
61,50,2
69,100,9
11,98,4
41,49,1
23,42,8
52,61,3
70,35,4
84,28,7
37,39,8
71,57,1
50,23,9
29,78,4
13,27,2
69,56,2
88,78,6
49,37,5
5,40,8
27,13,2
42,50,9
99,92,7
10,65,5
89,18,7
82,25,7
62,39,10
29,74,5
3,21,7
47,16,2
33,19,2
16,71,8
89,77,8
85,25,8
2,42,3
7,2,6
9,23,8
91,66,1
35,62,8
40,26,1
100,55,3
55,69,4
16,24,4
16,40,5
11,3,8
68,80,3
18,9,4
45,31,3
49,3,6
93,57,4
74,64,2
28,88,8
89,32,9
70,66,5
77,56,2
32,97,4
53,87,8
13,84,5
6,64,6
1,65,7
6,62,4
50,85,4
9,62,1
96,19,2
14,7,7
73,98,7
99,4,5
47,5,7
93,11,10
81,8,1
42,73,7
23,89,8
46,77,8
13,73,8
90,45,3
13,90,7
27,53,7
76,55,1
60,64,7
44,29,3
57,63,7
66,20,1
26,3,10
99,90,3
50,27,6
56,66,5
79,17,9
39,7,4
98,21,1
55,93,6
98,60,6
25,10,4
34,58,5
14,20,7
32,35,4
11,66,4
4,51,1
66,95,2
59,26,4
33,43,5
8,77,7
54,20,5
74,52,8
88,96,5
67,3,5
51,100,6
52,63,7
42,68,5
34,45,2
78,75,2
90,19,9
67,93,7
55,26,2
31,98,10
85,59,3
75,94,7
54,64,3
7,38,3
99,63,8
21,14,9
58,56,6
13,93,8
15,16,9
76,68,6
15,79,4
62,61,10
7,68,7
48,79,6
38,99,1
94,42,1
93,15,3
6,40,1
65,91,8
91,80,2
86,69,10
43,12,3
54,86,1
82,81,5
27,75,1
69,100,9
10,8,6
33,55,6
30,73,8
22,51,3
75,13,1
84,67,4
69,72,3
21,84,5
77,46,6
60,50,3
40,13,2
74,68,8
85,45,5
98,84,10
19,72,10
79,53,6
73,19,9
80,34,3
99,59,5
51,19,6
100,39,6
80,18,1
47,95,8
19,60,2
99,55,7
77,2,10
73,4,5
15,31,3
12,4,4
39,9,1
89,73,2
71,33,8
91,25,1
8,80,6
58,78,10
69,14,3
59,9,7
100,82,6
51,26,10
7,44,7
64,78,5
5,60,7
83,10,5
44,23,7
46,95,5
31,29,10
71,100,10
4,83,3
68,55,3
79,82,2
66,57,5
16,3,4
76,39,10
47,81,2
12,20,5
27,36,3
36,66,4
82,10,5
39,50,6
55,62,2
33,41,7
8,80,8
27,61,10
25,33,5
86,87,8
75,46,1
51,81,5
2,91,5
60,63,4
63,14,2
41,97,5
48,55,2
50,16,4
35,30,3
90,62,6
21,6,4
83,87,10
82,27,10
79,61,9
64,27,1
53,57,10
34,11,3
80,86,4
12,36,8
16,49,3
95,77,10
6,78,2
30,58,3
75,49,4
64,76,6
10,40,4
87,22,7
70,63,7
65,67,3
70,38,3
61,84,9
56,4,9
69,81,9
24,13,5
91,33,9
45,47,4
61,27,1
39,75,9
34,15,6
68,37,7
30,18,4
47,65,8
63,52,5
5,50,8
71,55,6
43,7,4
39,65,3
49,79,3
22,68,5
59,45,4
74,3,4
72,4,7
92,85,10
67,93,7
23,77,6
74,52,6
40,30,2
64,73,9
95,84,8
2,77,7
47,51,7
6,22,8
14,84,6
79,10,8
8,81,5
3,93,6
8,94,7
15,98,2
70,56,3
66,31,8
35,26,8
52,80,3
78,20,2
19,7,8
24,52,6
54,94,4
40,52,3
17,81,3
29,67,10
2,56,6
25,95,10
40,89,1
3,58,3
26,13,1
14,20,9
97,82,6
76,45,3
65,50,6
22,18,6
100,92,9
26,72,5
65,21,8
7,98,5
61,30,8
88,75,5
96,88,6
88,96,2
3,5,7
87,22,4
54,74,3
41,94,10
46,97,3
20,36,7
44,50,7
5,66,6
92,83,9
97,17,7
22,60,9
93,44,2
5,33,7
83,69,3
32,92,7
97,13,1
26,70,10
76,39,7
11,35,4
98,10,8
56,64,8
30,43,10
56,18,2
50,14,7
96,25,10
69,54,6
58,87,7
14,51,5
61,27,2
40,100,1
86,36,1
69,9,3
94,88,9
54,53,7
67,35,1
8,10,8
52,58,5
93,83,5
1,21,10
65,88,2
41,3,10
82,96,4
100,97,5
14,95,5
21,62,9
83,59,5
90,69,2
41,29,3
50,68,10
41,88,2
65,69,9
11,9,5
5,28,6
30,15,2
94,59,9
88,15,4
46,18,2
62,72,1
3,33,10
87,37,9
35,12,5
43,44,9
84,6,6
7,76,6
88,86,4
49,8,8
62,100,8
37,47,3
73,87,8
1,80,10
7,64,8
43,30,4
50,38,8
35,71,7
60,77,5
66,13,10
75,9,6
36,60,9
92,3,9
99,47,10
45,76,9
78,56,1
16,39,3
98,6,10
1,9,4
54,55,5
64,18,4
73,74,8
46,3,10
20,72,5
61,92,4
54,71,4
66,97,6
74,62,9
7,92,8
87,55,4
16,71,9
2,46,10
38,98,8
25,56,3
50,68,1
31,3,4
26,53,4
80,2,9
10,45,4
99,31,6
24,36,10
33,21,2
85,39,1
86,88,9
4,12,5
53,1,6
76,40,2
90,93,4
100,31,7
75,64,2
65,87,3
23,27,1
67,49,10
38,66,7
91,94,7
91,23,2
49,68,3
25,91,7
47,4,7
22,16,5
18,5,8
1,31,10
83,96,4
18,87,3
71,26,6
42,22,10
71,74,7
79,82,6
71,60,4
47,77,6
86,35,4
3,29,3
6,9,2
91,61,9
11,27,7
68,16,5
18,46,1
10,15,9
82,78,6
11,3,8
32,43,5
17,97,6
77,96,2
75,5,3
79,19,4
87,80,2
46,39,4
89,5,7
31,79,4
3,56,10
20,9,7
6,20,2
86,16,5
4,35,4
78,67,8
72,7,1
35,92,2
22,26,6
40,98,3
65,90,7
82,29,5
69,91,3
47,92,8
22,76,4
7,4,1
40,12,2
81,96,1
96,73,9
50,74,8
57,99,7
96,84,9
31,40,8
9,4,8
100,14,6
54,62,10
75,66,9
41,2,3
77,27,8
98,89,8
4,73,7
100,22,4
19,58,4
54,94,3
59,6,6
21,7,6
58,66,3
15,65,7
95,11,8
84,46,10
45,39,4
24,95,4
51,33,9
85,42,7
2,30,10
17,57,10
38,75,2
57,42,2
14,66,2
28,78,2
15,92,8
45,80,8
46,24,10
20,62,5
88,70,6
60,50,9
50,26,8
44,22,5
2,14,4
94,24,4
40,61,9
6,93,8
35,62,4
93,94,8
51,13,2
60,1,6
63,78,5
38,22,2
97,86,9
94,71,10
75,13,9
99,95,1
91,47,3
96,99,5
32,83,2
98,35,2
7,20,4
86,13,7
86,85,8
61,52,8
56,72,8
12,54,4
23,44,4
90,77,10
10,33,2
20,3,6
17,82,1
51,29,7
25,90,10
14,62,10
84,70,2
58,37,8
78,55,6
66,61,3
63,16,4
60,59,4
36,97,9
38,12,6
30,12,5
19,28,6
22,34,9
18,83,5
40,91,5
84,89,9
54,55,9
49,56,9
39,90,5
25,95,10
2,9,9
79,85,7
30,92,2
46,90,7
56,83,4
75,43,10
67,62,7
48,31,4
1,18,1
29,69,9
72,15,6
57,83,6
90,37,5
88,1,9
59,73,1
48,33,6
62,21,4
68,2,4
5,55,2
37,45,7
71,12,8
9,14,3
98,73,8
36,38,2
25,39,10
30,48,2
49,80,5
60,7,5
64,62,7
21,56,2
31,1,2
58,78,3
73,81,8
12,17,10
8,2,2
39,11,2
14,53,8
62,36,2
19,94,2
13,11,8
56,29,10
95,66,2
78,61,2
9,56,10
68,72,7
70,27,7
6,87,8
79,30,4
22,24,9
46,20,5
67,92,6
99,64,10
16,41,10
51,88,1
98,37,7
36,81,2
87,46,7
4,96,5
100,97,5
14,8,1
73,2,9
49,46,1
6,72,9
44,37,10
89,11,4
8,29,6
43,80,6
72,76,7
98,68,2
82,5,8
38,93,5
8,73,4
57,64,5
22,52,4
75,43,10
54,50,10
56,86,10
30,29,6
90,42,8
16,22,5
34,81,3
57,34,2
10,47,3
8,96,6
84,28,9
57,74,1
14,41,2
97,70,7
93,78,7
36,5,3
46,42,6
62,65,5
77,34,7
26,22,7
59,61,6
81,72,6
14,64,8
62,63,8
53,43,9
30,1,9
14,97,2
52,87,10
88,43,4
41,82,8
1,71,10
88,48,3
41,34,9
48,54,8
1,44,2
28,72,10
100,77,8
41,9,3
2,9,3
52,23,5
16,42,8
67,41,1
50,83,8
21,36,8
47,85,1
17,67,7
6,73,10
94,99,7
60,51,4
39,32,1
81,40,3
71,65,9
59,53,7
96,22,1
70,66,1
24,30,6
40,19,5
16,12,1
61,93,4
86,42,3
25,19,8
45,41,5
85,3,5
17,21,6
96,98,9
82,87,9
38,99,3
47,52,9
40,24,5
40,56,6
56,57,8
66,31,7
7,6,9
24,39,4
98,82,10
51,69,4
95,3,10
99,23,7
13,9,2
25,61,8
79,17,2
57,44,4
6,28,7
59,95,5
54,1,5
72,40,1
31,70,10
77,41,6
81,17,7
29,92,8
13,55,7
28,37,7
73,68,6
31,10,10
38,11,5
77,69,1
86,51,5
40,97,8
78,30,3
58,96,1
7,84,6
86,2,10
47,20,6
88,43,3
84,26,10
82,25,5
70,64,6
67,1,9
67,57,2
6,58,3
90,1,10
25,11,2
4,76,10
90,35,2
52,56,6
66,74,3
19,21,5
83,7,5
54,67,2
10,87,5
64,71,4
49,55,2
14,50,5
56,60,6
93,100,10
83,19,6
20,44,6
98,47,6
53,52,6
43,35,1
4,65,9
52,2,3
3,37,5
79,61,3
32,26,9
86,40,7
62,85,6
62,25,1
20,19,3
69,82,9
8,39,3
71,54,2
36,32,8
7,34,3
90,12,2
51,61,9
94,61,9
100,84,5
86,92,1
40,45,9
92,32,6
85,23,6
83,4,5
15,26,6
99,72,5
34,14,7
95,27,4
97,17,6
90,59,2
93,91,6
85,20,7
83,64,2
5,95,2
65,46,1
74,49,8
87,68,6
42,59,9
11,45,3
76,10,4
10,64,2
13,56,4
13,85,10
77,21,1
32,54,6
66,31,5
95,83,3
12,1,4
93,53,5
38,18,2
17,70,2
21,13,1
6,80,1
80,25,5
97,22,5
61,8,7
56,21,5
63,79,8
40,11,3
60,70,5
93,31,10
12,27,5